<?xml version="1.0" encoding="UTF-8"?>
<templates id="template" xml:space="preserve">
    <t t-name="tk_advance_vehicle_repair.adv_dashboard" owl="1">

        <section class="section advance_vehicle_repair_dashboard">
            <div class="container">
                <div class="row">
                    <div class="col-md-12 mt32">
                        <h4 class="tk-primary">All Static</h4>
                        <hr class="border-primary"/>
                    </div>
                    <div class="col-md-2 mb-4 mt8 mb16" t-on-click="() => this.viewVehicleBooking('all')">
                        <div class="card info-bg p-32">
                            <div class="card-body info-bg tk-card-body">
                                <img alt="users" width="40"
                                     src="tk_advance_vehicle_repair/static/src/img/dashboard/1-total-booking.svg"/>
                                <h4 class="tk-st-1"> Total Bookings </h4>
                                <h6 class="tk-st-2">
                                    <t t-esc="state.bookingStats['total_vehicle_booking']"/>
                                </h6>
                            </div>
                        </div>
                    </div>
                    <div class="col-md-2 mb-4 mt8 mb16" t-on-click="() => this.viewInspectionJobCard('all')">
                        <div class="card active-bg p-32">
                            <div class="card-body active-bg tk-card-body">
                                <img alt="users" width="40"
                                     src="tk_advance_vehicle_repair/static/src/img/dashboard/2-ins-job.svg"/>
                                <h4 class="tk-st-1">JobCards (Inspection)</h4>
                                <h6 class="tk-st-2">
                                    <t t-esc="state.inspectionJobCardStatus['total_inspection_job_card']"/>
                                </h6>
                            </div>
                        </div>
                    </div>
                    <div class="col-md-2 mb-4 mt8 mb16" t-on-click="() => this.viewRepairJobCard('all')">
                        <div class="card terminate-bg p-32">
                            <div class="card-body terminate-bg tk-card-body">
                                <img alt="users" width="40"
                                     src="tk_advance_vehicle_repair/static/src/img/dashboard/3-repair-job.svg"/>
                                <h4 class="tk-st-1">JobCards (Repair)</h4>
                                <h6 class="tk-st-2">
                                    <t t-esc="state.repairJobCardStatus['repair_job_card']"/>
                                </h6>
                            </div>
                        </div>
                    </div>
                    <div class="col-md-2 mb-4 mt8 mb16" t-on-click="() => this.viewServiceTeams()">
                        <div class="card info-bg p-32">
                            <div class="card-body info-bg tk-card-body">
                                <img alt="users" width="40"
                                     src="tk_advance_vehicle_repair/static/src/img/dashboard/4-service.svg"/>
                                <h4 class="tk-st-1">Service Teams</h4>
                                <h6 class="tk-st-2">
                                    <t t-esc="state.serviceTeams['service_teams']"/>
                                </h6>
                            </div>
                        </div>
                    </div>
                    <div class="col-md-2 mb-4 mt8 mb16" t-on-click="() => this.viewVehicleCustomers()">
                        <div class="card active-bg p-32">
                            <div class="card-body active-bg tk-card-body">
                                <img alt="users" width="40"
                                     src="tk_advance_vehicle_repair/static/src/img/dashboard/5-customer.svg"/>
                                <h4 class="tk-st-1">All Customers</h4>
                                <h6 class="tk-st-2">
                                    <t t-esc="state.vehicleCustomers['vehicle_customers']"/>
                                </h6>
                            </div>
                        </div>
                    </div>
                    <div class="col-md-2 mb-4 mt8 mb16">
                        <div class="tk-card-body" t-ref="booking_details_graph">
                        </div>
                    </div>
                </div>

                <div class="row">
                    <div class="col-md-4 mt32">
                        <h4 class="tk-primary">Booking Details</h4>
                        <hr class="border-primary"/>
                        <div class="row">
                             <div class="col-md-6 mb-4 mt8 mb16"
                                  t-on-click="() => this.viewVehicleBooking('vehicle_inspection')">
                                <div class="card info-bg p-32">
                                    <div class="card-body info-bg tk-card-body">
                                        <img alt="users" width="40"
                                             src="tk_advance_vehicle_repair/static/src/img/dashboard/6-inspection.svg"/>
                                        <h4 class="tk-st-1">Inspections</h4>
                                        <h6 class="tk-st-2">
                                            <t t-esc="state.bookingStats['vehicle_inspection']"/>
                                        </h6>
                                    </div>
                                </div>
                            </div>
                            <div class="col-md-6 mb-4 mt8 mb16"
                                 t-on-click="() => this.viewVehicleBooking('vehicle_repair')">
                                <div class="card active-bg p-32">
                                    <div class="card-body active-bg tk-card-body">
                                        <img alt="users" width="40"
                                             src="tk_advance_vehicle_repair/static/src/img/dashboard/7-repair.svg"/>
                                        <h4 class="tk-st-1">Repairs</h4>
                                        <h6 class="tk-st-2">
                                            <t t-esc="state.bookingStats['vehicle_repair']"/>
                                        </h6>
                                    </div>
                                </div>
                            </div>
                            <div class="col-md-12 mb-4 mt8 mb16"
                                 t-on-click="() => this.viewVehicleBooking('vehicle_inspection_repair')">
                                <div class="card terminate-bg p-32">
                                    <div class="card-body terminate-bg tk-card-body">
                                        <img alt="users" width="50"
                                             src="tk_advance_vehicle_repair/static/src/img/dashboard/8-ins-repair.svg"/>
                                        <h4 class="tk-st-1">Inspections and Repairs</h4>
                                        <h6 class="tk-st-2">
                                            <t t-esc="state.bookingStats['vehicle_inspection_repair']"/>
                                        </h6>
                                    </div>
                                </div>
                            </div>
                        </div>
                    </div>
                    <div class="col-md-4 mt32">
                        <h4 class="tk-primary">Booking Sources</h4>
                        <hr class="border-primary"/>
                        <div class="tk-os-chart" t-ref="booking_source_graph">
                        </div>
                    </div>
                    <div class="col-md-4 mt32">
                        <h4 class="tk-primary">Most Common Fuels Used In Vehicles</h4>
                        <hr class="border-primary"/>
                        <div class="tk-os-chart" t-ref="most_common_fuel_used_in_vehicle">
                        </div>
                    </div>
                </div>

                <div class="row">
                    <div class="col-md-6 mt32">
                        <h4 class="tk-primary">Inspection JobCard Details</h4>
                        <hr class="border-primary"/>
                        <div class="row">
                            <div class="col-md-4 mb-4 mt8 mb16"
                                 t-on-click="() => this.viewInspectionJobCard('a_draft')">
                                <div class="card info-bg p-32">
                                    <div class="card-body info-bg tk-card-body">
                                        <img alt="users" width="40"
                                             src="tk_advance_vehicle_repair/static/src/img/dashboard/9-new.svg"/>
                                        <h4 class="tk-st-1">New</h4>
                                        <h6 class="tk-st-2">
                                            <t t-esc="state.inspectionJobCardStatus['inspection_draft']"/>
                                        </h6>
                                    </div>
                                </div>
                            </div>
                            <div class="col-md-4 mb-4 mt8 mb16"
                                 t-on-click="() => this.viewInspectionJobCard('b_in_progress')">
                                <div class="card active-bg p-32">
                                    <div class="card-body active-bg tk-card-body">
                                        <img alt="users" width="40"
                                             src="tk_advance_vehicle_repair/static/src/img/dashboard/10-progress.svg"/>
                                        <h4 class="tk-st-1">In Progress</h4>
                                        <h6 class="tk-st-2">
                                            <t t-esc="state.inspectionJobCardStatus['inspection_in_progress']"/>
                                        </h6>
                                    </div>
                                </div>
                            </div>
                            <div class="col-md-4 mb-4 mt8 mb16"
                                 t-on-click="() => this.viewInspectionTypes('full_inspection')">
                                <div class="card terminate-bg p-32">
                                    <div class="card-body terminate-bg tk-card-body">
                                        <img alt="users" width="40"
                                             src="tk_advance_vehicle_repair/static/src/img/dashboard/11-full.svg"/>
                                        <h4 class="tk-st-1">Full</h4>
                                        <h6 class="tk-st-2">
                                             <t t-esc="state.inspectionTypes['type_full_inspection']"/>
                                        </h6>
                                    </div>
                                </div>
                            </div>
                            <div class="col-md-4 mb-4 mt8 mb16"
                                 t-on-click="() => this.viewInspectionJobCard('c_complete')">
                                <div class="card terminate-bg p-32">
                                    <div class="card-body terminate-bg tk-card-body">
                                        <img alt="users" width="40"
                                             src="tk_advance_vehicle_repair/static/src/img/dashboard/12-complete.svg"/>
                                        <h4 class="tk-st-1">Completed</h4>
                                        <h6 class="tk-st-2">
                                            <t t-esc="state.inspectionJobCardStatus['inspection_complete']"/>
                                        </h6>
                                    </div>
                                </div>
                            </div>
                            <div class="col-md-4 mb-4 mt8 mb16"
                                 t-on-click="() => this.viewInspectionJobCard('d_cancel')">
                                <div class="card info-bg p-32">
                                    <div class="card-body info-bg tk-card-body">
                                        <img alt="users" width="40"
                                             src="tk_advance_vehicle_repair/static/src/img/dashboard/13-cancel.svg"/>
                                        <h4 class="tk-st-1">Cancelled</h4>
                                        <h6 class="tk-st-2">
                                             <t t-esc="state.inspectionJobCardStatus['inspection_cancel']"/>
                                        </h6>
                                    </div>
                                </div>
                            </div>
                            <div class="col-md-4 mb-4 mt8 mb16"
                                 t-on-click="() => this.viewInspectionTypes('specific_inspection')">
                                <div class="card active-bg p-32">
                                    <div class="card-body active-bg tk-card-body">
                                        <img alt="users" width="40"
                                             src="tk_advance_vehicle_repair/static/src/img/dashboard/14-specific.svg"/>
                                        <h4 class="tk-st-1">Specific</h4>
                                        <h6 class="tk-st-2">
                                             <t t-esc="state.inspectionTypes['type_specific_inspection']"/>
                                        </h6>
                                    </div>
                                </div>
                            </div>
                        </div>
                    </div>

                    <div class="col-md-6 mt32">
                        <h4 class="tk-primary">Repair JobCard Details</h4>
                        <hr class="border-primary"/>
                        <div class="tk-os-chart" t-ref="repair_status_graph">
                        </div>
                    </div>
                </div>

            </div>
        </section>
    </t>
</templates>