<?xml version="1.0" encoding="utf-8" ?>
<odoo>
    <data noupdate="1">
        <record id="booking_appointment_day_1" model="booking.appointment">
            <field name="name">Monday</field>
            <field name="appointment_day">monday</field>
        </record>
        <record id="booking_appointment_day_2" model="booking.appointment">
            <field name="name">Tuesday</field>
            <field name="appointment_day">tuesday</field>
        </record>
        <record id="booking_appointment_day_3" model="booking.appointment">
            <field name="name">Wednesday</field>
            <field name="appointment_day">wednesday</field>
        </record>
        <record id="booking_appointment_day_4" model="booking.appointment">
            <field name="name">Thursday</field>
            <field name="appointment_day">thursday</field>
        </record>
        <record id="booking_appointment_day_5" model="booking.appointment">
            <field name="name">Friday</field>
            <field name="appointment_day">friday</field>
        </record>
        <record id="booking_appointment_day_6" model="booking.appointment">
            <field name="name">Saturday</field>
            <field name="appointment_day">saturday</field>
        </record>
        <record id="booking_appointment_day_7" model="booking.appointment">
            <field name="name">Sunday</field>
            <field name="appointment_day">sunday</field>
        </record>
    </data>
</odoo>