<?xml version="1.0" encoding="utf-8" ?>
<odoo>
    <data noupdate="1">
        <record id="vehicle_fuel_type_1" model="vehicle.fuel.type">
            <field name="name">Diesel</field>
        </record>
        <record id="vehicle_fuel_type_2" model="vehicle.fuel.type">
            <field name="name">Gasoline</field>
        </record>
        <record id="vehicle_fuel_type_3" model="vehicle.fuel.type">
            <field name="name">Hybrid Diesel</field>
        </record>
        <record id="vehicle_fuel_type_4" model="vehicle.fuel.type">
            <field name="name">Hybrid Gasoline</field>
        </record>
        <record id="vehicle_fuel_type_5" model="vehicle.fuel.type">
            <field name="name">Plug-in Hybrid Diesel</field>
        </record>
        <record id="vehicle_fuel_type_6" model="vehicle.fuel.type">
            <field name="name">Plug-in Hybrid Gasoline</field>
        </record>
        <record id="vehicle_fuel_type_7" model="vehicle.fuel.type">
            <field name="name">CNG</field>
        </record>
        <record id="vehicle_fuel_type_8" model="vehicle.fuel.type">
            <field name="name">LPG</field>
        </record>
        <record id="vehicle_fuel_type_9" model="vehicle.fuel.type">
            <field name="name">Hydrogen</field>
        </record>
        <record id="vehicle_fuel_type_10" model="vehicle.fuel.type">
            <field name="name">Electric</field>
        </record>
    </data>
</odoo>