<?xml version="1.0" encoding="utf-8" ?>
<odoo>
    <data noupdate="1">
        <record id="inspection_product_category" model="product.category">
            <field name="parent_id" ref="product.product_category_all"/>
            <field name="name">Vehicle</field>
        </record>
        <record id="vehicle_inspection" model="product.product">
            <field name="name">Inspection Charge</field>
            <field name="detailed_type">consu</field>
            <field name="categ_id" ref="tk_advance_vehicle_repair.inspection_product_category"/>
        </record>
        <record id="vehicle_service_charge" model="product.product">
            <field name="name">Service Charges</field>
            <field name="detailed_type">service</field>
            <field name="categ_id" ref="tk_advance_vehicle_repair.inspection_product_category"/>
        </record>
    </data>
</odoo>