<?xml version="1.0" encoding="utf-8" ?>
<odoo>
    <data noupdate="1">
        <record id="repair_job_card_mail_template" model="mail.template">
            <field name="name">Repair Job Card Mail Template</field>
            <field name="model_id" ref="tk_advance_vehicle_repair.model_repair_job_card"/>
            <field name="subject">Your Vehicle Has Been Repaired</field>
            <field name="email_from">{{object.company_id.email}}</field>
            <field name="partner_to">{{ object.customer_id.id }}</field>
            <field name="body_html" type="html">
                <table style="width: 100%">
                    <tr>
                        <td>
                            Dear Customer,
                            <br/>
                            <h4>
                                <strong>
                                    <t t-out="object.customer_id.name"/>
                                </strong>
                            </h4>
                        </td>
                    </tr>
                </table>
                <hr/>
                <p>
                    I am writing to inform you that your
                    <strong>
                        <t t-out="object.vehicle_brand_id.name"/>
                    </strong>
                    has been repaired and is ready for pickup. Our team of mechanics has worked hard to ensure that your
                    <strong>
                        <t t-out="object.vehicle_brand_id.name"/>
                    </strong>
                    is in top condition and ready for safe operation.
                </p>
                <p>
                    We have thoroughly inspected your vehicle to ensure that all repairs have been completed to our high
                    standards. We have also conducted a road test to ensure that the vehicle is performing as expected.
                    Our team takes great pride in their work, and we are confident that your vehicle will meet or exceed
                    your expectations.
                </p>
                <p>
                    Please come to our workshop to pick up your vehicle as soon as possible. Our team will be happy to
                    assist you with any questions you may have regarding the repair work done on your vehicle.
                </p>
                <p>
                    Thank you for choosing our service for your vehicle repair needs. We look forward to continuing to
                    provide you with top-quality service in the future.
                </p>
                <br/>
                <h6>
                    Best regards,
                </h6>
                <h5>
                    <strong>
                        <t t-out="object.responsible_id.name"/>
                    </strong>
                </h5>
                <hr/>
                <span>
                    <h6>
                        <t t-out="object.company_id.name"/>
                    </h6>
                    <t t-out="object.company_id.phone"/>
                    <br/>
                    <t t-out="object.company_id.email"/>
                    <br/>
                    <t t-out="object.company_id.website"/>
                </span>
            </field>
            <field name="auto_delete" eval="True"/>
        </record>
    </data>
</odoo>
