<?xml version="1.0" encoding="utf-8" ?>
<odoo>
    <data noupdate="1">
        <record id="scratch_report_paper_format" model="report.paperformat">
            <field name="name">Scratch Paper</field>
            <field name="default" eval="True"/>
            <field name="format">A4</field>
            <field name="page_height">0</field>
            <field name="page_width">0</field>
            <field name="orientation">Portrait</field>
            <field name="margin_top">5</field>
            <field name="margin_bottom">5</field>
            <field name="margin_left">5</field>
            <field name="margin_right">5</field>
            <field name="header_line" eval="False"/>
            <field name="header_spacing">3</field>
            <field name="dpi">80</field>
        </record>
    </data>
</odoo>