<?xml version="1.0" encoding="utf-8" ?>
<odoo>
    <data noupdate="1">
        <record id="vehicle_component_top_side_1" model="vehicle.component">
            <field name="name">Lights</field>
            <field name="compo_vehicle_side">top_side</field>
        </record>
        <record id="vehicle_component_top_side_2" model="vehicle.component">
            <field name="name">Wiper Blades</field>
            <field name="compo_vehicle_side">top_side</field>
        </record>
        <record id="vehicle_component_top_side_3" model="vehicle.component">
            <field name="name">Belts &amp; Hoses</field>
            <field name="compo_vehicle_side">top_side</field>
        </record>
        <record id="vehicle_component_top_side_4" model="vehicle.component">
            <field name="name">Battery</field>
            <field name="compo_vehicle_side">top_side</field>
        </record>
        <record id="vehicle_component_top_side_5" model="vehicle.component">
            <field name="name">Engine Air Filter</field>
            <field name="compo_vehicle_side">top_side</field>
        </record>
        <record id="vehicle_component_top_side_6" model="vehicle.component">
            <field name="name">Cabin Air Filter</field>
            <field name="compo_vehicle_side">top_side</field>
        </record>
        <record id="vehicle_component_top_side_7" model="vehicle.component">
            <field name="name">Other</field>
            <field name="compo_vehicle_side">top_side</field>
        </record>

        <record id="vehicle_component_bottom_side_1" model="vehicle.component">
            <field name="name">Drain Plugs</field>
            <field name="compo_vehicle_side">bottom_side</field>
        </record>
        <record id="vehicle_component_bottom_side_2" model="vehicle.component">
            <field name="name">Steering and Suspension</field>
            <field name="compo_vehicle_side">bottom_side</field>
        </record>
        <record id="vehicle_component_bottom_side_3" model="vehicle.component">
            <field name="name">Power Train</field>
            <field name="compo_vehicle_side">bottom_side</field>
        </record>
        <record id="vehicle_component_bottom_side_4" model="vehicle.component">
            <field name="name">Brakes</field>
            <field name="compo_vehicle_side">bottom_side</field>
        </record>
        <record id="vehicle_component_bottom_side_5" model="vehicle.component">
            <field name="name">Fuel Filter</field>
            <field name="compo_vehicle_side">bottom_side</field>
        </record>
        <record id="vehicle_component_bottom_side_6" model="vehicle.component">
            <field name="name">Exhaust</field>
            <field name="compo_vehicle_side">bottom_side</field>
        </record>
    </data>
</odoo>