<?xml version="1.0" encoding="utf-8" ?>
<odoo>
    <data noupdate="1">
        <!--Vehicle Condition Location-->
        <record id="vehicle_condition_location_1" model="vehicle.condition.location">
            <field name="location">Bumper / Energy Absorber / Cover</field>
        </record>
        <record id="vehicle_condition_location_2" model="vehicle.condition.location">
            <field name="location">Bumper End</field>
        </record>
        <record id="vehicle_condition_location_3" model="vehicle.condition.location">
            <field name="location">Valance Panel</field>
        </record>
        <record id="vehicle_condition_location_4" model="vehicle.condition.location">
            <field name="location">Inner Fender</field>
        </record>
        <record id="vehicle_condition_location_5" model="vehicle.condition.location">
            <field name="location">Fender</field>
        </record>
        <record id="vehicle_condition_location_6" model="vehicle.condition.location">
            <field name="location">Cowl Panel</field>
        </record>
        <record id="vehicle_condition_location_7" model="vehicle.condition.location">
            <field name="location">Door</field>
        </record>
        <record id="vehicle_condition_location_8" model="vehicle.condition.location">
            <field name="location">Lower Door Skin</field>
        </record>
        <record id="vehicle_condition_location_9" model="vehicle.condition.location">
            <field name="location">Rocker Panel</field>
        </record>
        <record id="vehicle_condition_location_10" model="vehicle.condition.location">
            <field name="location">Dog Leg</field>
        </record>
        <record id="vehicle_condition_location_11" model="vehicle.condition.location">
            <field name="location">Wheel Arch Panel</field>
        </record>
        <record id="vehicle_condition_location_12" model="vehicle.condition.location">
            <field name="location">Wheelhouse</field>
        </record>
        <record id="vehicle_condition_location_13" model="vehicle.condition.location">
            <field name="location">Quarter Panel</field>
        </record>
        <record id="vehicle_condition_location_14" model="vehicle.condition.location">
            <field name="location">Fender Extension Panel</field>
        </record>
        <record id="vehicle_condition_location_15" model="vehicle.condition.location">
            <field name="location">Header Panel</field>
        </record>
        <record id="vehicle_condition_location_16" model="vehicle.condition.location">
            <field name="location">Hood</field>
        </record>
        <record id="vehicle_condition_location_17" model="vehicle.condition.location">
            <field name="location">Firewall</field>
        </record>
        <record id="vehicle_condition_location_18" model="vehicle.condition.location">
            <field name="location">Fender Flare</field>
        </record>
        <record id="vehicle_condition_location_19" model="vehicle.condition.location">
            <field name="location">Trunk / Deck Lid</field>
        </record>

        <!--Vehicle Condition-->
        <record id="vehicle_condition_1" model="vehicle.condition">
            <field name="condition">Bent</field>
            <field name="condition_code">B</field>
        </record>
        <record id="vehicle_condition_2" model="vehicle.condition">
            <field name="condition">Broken</field>
            <field name="condition_code">BR</field>
        </record>
        <record id="vehicle_condition_3" model="vehicle.condition">
            <field name="condition">Cracked</field>
            <field name="condition_code">C</field>
        </record>
        <record id="vehicle_condition_4" model="vehicle.condition">
            <field name="condition">Dented</field>
            <field name="condition_code">D</field>
        </record>
        <record id="vehicle_condition_5" model="vehicle.condition">
            <field name="condition">Glass Cracked</field>
            <field name="condition_code">GC</field>
        </record>
        <record id="vehicle_condition_6" model="vehicle.condition">
            <field name="condition">Hairline Scratch</field>
            <field name="condition_code">H</field>
        </record>
        <record id="vehicle_condition_7" model="vehicle.condition">
            <field name="condition">Missing</field>
            <field name="condition_code">M</field>
        </record>
        <record id="vehicle_condition_8" model="vehicle.condition">
            <field name="condition">Pitted</field>
            <field name="condition_code">PT</field>
        </record>
        <record id="vehicle_condition_9" model="vehicle.condition">
            <field name="condition">Rusty</field>
            <field name="condition_code">R</field>
        </record>
        <record id="vehicle_condition_10" model="vehicle.condition">
            <field name="condition">Scratched</field>
            <field name="condition_code">S</field>
        </record>
        <record id="vehicle_condition_11" model="vehicle.condition">
            <field name="condition">Smashed</field>
            <field name="condition_code">SM</field>
        </record>
        <record id="vehicle_condition_12" model="vehicle.condition">
            <field name="condition">Stained</field>
            <field name="condition_code">ST</field>
        </record>
        <record id="vehicle_condition_13" model="vehicle.condition">
            <field name="condition">Torn</field>
            <field name="condition_code">T</field>
        </record>
        <record id="vehicle_condition_14" model="vehicle.condition">
            <field name="condition">Creased</field>
            <field name="condition_code">CR</field>
        </record>
        <record id="vehicle_condition_15" model="vehicle.condition">
            <field name="condition">All Correct</field>
            <field name="condition_code">OK</field>
        </record>
    </data>
</odoo>